{"cameraMode":{"drawMode":0,"name":"Shaded","section":"Shading Mode"},"sceneLighting":false,"audioPlay":false,"sceneViewState":{"m_AlwaysRefresh":false,"showFog":true,"showSkybox":false,"showFlares":true,"showImageEffects":true,"showParticleSystems":true,"showVisualEffectGraphs":true,"m_FxEnabled":true},"in2DMode":false,"pivot":{"x":0.2507234811782837,"y":1.6089756488800049,"z":-1.183866024017334},"rotation":{"x":0.13992170989513398,"y":-0.014851837418973446,"z":0.0020989812910556795,"w":0.9900501370429993},"size":2.8958282470703127,"orthographic":false}