{"cameraMode":{"drawMode":0,"name":"Shaded","section":"Shading Mode"},"sceneLighting":false,"audioPlay":false,"sceneViewState":{"m_AlwaysRefresh":false,"showFog":true,"showSkybox":false,"showFlares":true,"showImageEffects":true,"showParticleSystems":true,"showVisualEffectGraphs":true,"m_FxEnabled":true},"in2DMode":false,"pivot":{"x":-7.717075347900391,"y":1.4977073669433594,"z":-5.829566955566406},"rotation":{"x":0.13992170989513398,"y":-0.014851837418973446,"z":0.0020989812910556795,"w":0.9900501370429993},"size":69.25431823730469,"orthographic":false}